"botiquin","[  7.64197633e-04   2.38573292e-08   6.15719428e-12   2.36132359e-13
  -2.75524769e-25  -3.61562819e-17   7.17919649e-26]","[  7.61905804e-04   2.34046470e-08   6.07404609e-12   2.77280302e-13
  -3.58836561e-25  -4.22109551e-17  -2.69443209e-26]","[  7.61601656e-04   2.37224178e-08   5.79862632e-12   2.58224827e-13
  -3.07157295e-25  -3.80369233e-17  -7.41467346e-26]","[  7.61889926e-04   2.47390300e-08   6.15283878e-12   2.56317759e-13
  -3.07366896e-25  -3.72317223e-17  -9.55927089e-26]","[  7.61974950e-04   2.43995973e-08   6.05152108e-12   2.51986164e-13
  -2.94192408e-25  -3.56394626e-17  -1.01377593e-25]","[  7.61602781e-04   2.46612499e-08   5.49757450e-12   2.29351694e-13
  -2.51498586e-25  -3.31838754e-17  -5.54384243e-26]","[  7.61311364e-04   2.38802826e-08   5.28014007e-12   2.13441933e-13
  -2.24020483e-25  -2.99307566e-17  -3.40327718e-26]","[  7.61514302e-04   2.46804031e-08   5.58918857e-12   2.14124982e-13
  -2.28699035e-25  -2.97222192e-17  -5.06828375e-26]","[  7.61779165e-04   2.46473130e-08   5.93625931e-12   2.23076755e-13
  -2.46194382e-25  -2.97886353e-17  -7.27108695e-26]","[  7.61471219e-04   2.34636985e-08   5.55638159e-12   2.11682329e-13
  -2.25260058e-25  -2.82131680e-17  -4.42965604e-26]","[  7.60986476e-04   2.33254902e-08   5.61728514e-12   1.95426081e-13
  -2.04579366e-25  -2.64586324e-17  -8.50743266e-27]","[  7.59811601e-04   2.31604714e-08   5.39927003e-12   1.80962797e-13
  -1.76194330e-25  -2.23092230e-17  -3.08560002e-26]","[  7.59358241e-04   2.26034688e-08   5.64275107e-12   1.72425226e-13
  -1.64929083e-25  -1.92479078e-17  -4.15298144e-26]","[  7.59818281e-04   2.13969098e-08   5.93961832e-12   1.67668812e-13
  -1.61836164e-25  -1.71926918e-17  -4.25006762e-26]","[  7.59635718e-04   2.06696123e-08   6.12258592e-12   1.58049619e-13
  -1.53118775e-25  -1.51777508e-17  -2.69590240e-26]","[  7.58757163e-04   2.02496979e-08   5.92946237e-12   1.44285123e-13
  -1.32729701e-25  -1.30749322e-17  -1.39098967e-26]","[  7.59645671e-04   2.13329968e-08   6.30560762e-12   1.40127753e-13
  -1.29843059e-25  -1.09383330e-17  -2.21534989e-26]","[  7.60791018e-04   2.29287627e-08   6.29395911e-12   1.39231235e-13
  -1.14777738e-25  -6.77602140e-18  -6.17555313e-26]","[  7.61091223e-04   2.26578782e-08   6.60800207e-12   1.49995284e-13
  -1.30679829e-25  -6.86743134e-18  -7.22681505e-26]","[  7.60223300e-04   2.19231570e-08   6.78301461e-12   1.48672621e-13
  -1.38381987e-25  -7.95905165e-18  -5.60421009e-26]","[  7.60720693e-04   2.19699926e-08   6.70558719e-12   1.46670623e-13
  -1.30736382e-25  -6.38023277e-18  -6.37619780e-26]","[  7.61362155e-04   2.35858342e-08   7.29557237e-12   1.48616341e-13
  -1.27540971e-25  -3.12295537e-18  -8.76398262e-26]","[  7.60971259e-04   2.29171432e-08   7.31023536e-12   1.32643072e-13
  -1.10412271e-25  -1.90304865e-18  -6.97808553e-26]","[  7.60302769e-04   2.20619522e-08   7.55944044e-12   1.23949742e-13
  -9.78422531e-26   1.17761699e-19  -6.94434031e-26]","[  7.60630462e-04   2.15255694e-08   7.52778929e-12   9.41314230e-14
  -7.36705720e-26  -9.08000040e-19  -2.91782432e-26]","[  7.60849947e-04   2.20070328e-08   7.59865274e-12   8.15802779e-14
  -5.95349782e-26   3.26866178e-19  -2.41087962e-26]","[  7.60455059e-04   2.12509003e-08   7.53574044e-12   5.93507445e-14
  -3.86645399e-26   1.50678538e-19  -8.97232971e-27]","[  7.59381445e-04   1.98277822e-08   7.27278380e-12   4.30944997e-14
  -2.41202849e-26  -3.00362232e-19  -5.19406108e-28]","[  7.59048003e-04   1.83095012e-08   7.25190564e-12   3.31763568e-14
  -1.48450346e-26  -1.22581614e-18   6.66613000e-27]","[  7.58789329e-04   1.79091533e-08   7.92478519e-12   2.78117646e-14
  -9.75365619e-27  -1.52138676e-18   8.68021155e-27]","[  7.57325292e-04   1.74871112e-08   7.83013624e-12   2.09053042e-14
  -1.63905646e-27  -1.94769939e-18   8.29769989e-27]","[  7.58300631e-04   1.70059404e-08   8.17451067e-12   2.16893734e-14
  -3.57353829e-27  -1.59751206e-18   8.40457485e-27]","[  7.58091487e-04   1.61504124e-08   7.40300699e-12   2.34257218e-14
  -6.23046077e-27  -1.24035651e-18   7.50656499e-27]","[  7.57900366e-04   1.69266184e-08   7.96914609e-12   2.00927863e-14
  -5.20657565e-27  -1.00933388e-18   6.12667728e-27]","[  7.58247220e-04   1.81056844e-08   8.52160266e-12   1.74417443e-14
  -1.63173420e-27  -1.43769100e-18   6.52329113e-27]","[  7.57272915e-04   1.67549827e-08   8.28744337e-12   1.37181667e-14
   2.87735155e-27  -1.63923717e-18   3.62155715e-27]","[  7.58064986e-04   1.73283615e-08   8.76716553e-12   1.11344513e-14
   2.60810635e-27  -1.23085031e-18  -2.30217697e-27]","[  7.57720444e-04   1.68816094e-08   8.29778152e-12   1.62886375e-14
  -5.55039874e-28  -1.04075607e-18  -5.96258541e-27]","[  7.57935915e-04   1.62158441e-08   8.29255484e-12   2.67107369e-14
  -8.53397805e-27  -6.98935275e-19  -9.23057714e-27]","[  7.57434979e-04   1.58159664e-08   8.37283098e-12   5.44535008e-14
  -3.64183331e-26   6.82515766e-19  -5.06173072e-27]","[  7.58049228e-04   1.62082022e-08   8.49126773e-12   7.99542048e-14
  -6.53020074e-26   1.26460558e-18   8.70144180e-27]","[  7.57706885e-04   1.60775842e-08   8.41703601e-12   1.14329454e-13
  -1.00721101e-25   2.28982908e-18   4.93345368e-26]","[  7.58057790e-04   1.65981454e-08   8.14217162e-12   1.41016283e-13
  -1.27571957e-25   1.94639624e-18   8.09790756e-26]","[  7.59285890e-04   1.75164476e-08   8.22234171e-12   1.63033891e-13
  -1.75443206e-25  -2.58399687e-18   6.96475347e-26]","[  7.58405744e-04   1.72216560e-08   8.09501736e-12   1.64863252e-13
  -1.76830147e-25  -3.62335964e-18   7.07431377e-26]","[  7.59629436e-04   1.83289143e-08   7.80853268e-12   1.61381412e-13
  -1.60401791e-25  -3.04072667e-18   8.42057880e-26]","[  7.58708681e-04   1.67974374e-08   7.61875463e-12   1.47911100e-13
  -1.48161597e-25  -4.81205192e-18   5.19815207e-26]","[  7.59073677e-04   1.79863268e-08   7.88142633e-12   1.59883097e-13
  -1.70268699e-25  -5.72270029e-18   5.67466629e-26]","[  7.59730190e-04   1.83107371e-08   8.27031563e-12   1.75769421e-13
  -2.01481370e-25  -7.04712983e-18   6.56977025e-26]","[  7.58555465e-04   1.69865451e-08   8.25465299e-12   1.88261547e-13
  -2.27292705e-25  -1.03194648e-17   5.84527771e-26]","[  7.58832039e-04   1.75501035e-08   8.23681629e-12   2.27621997e-13
  -2.93533705e-25  -1.51083175e-17   1.04780018e-25]","[  7.59032300e-04   1.79820085e-08   8.25000281e-12   2.39271464e-13
  -3.26412562e-25  -2.03856134e-17   8.04203118e-26]","[  7.57993345e-04   1.72859145e-08   7.79306109e-12   2.57921068e-13
  -3.64541563e-25  -2.76280006e-17   2.86509951e-26]","[  7.58395252e-04   1.82376813e-08   7.66174419e-12   2.70667971e-13
  -3.89230158e-25  -3.21869868e-17   2.06890042e-26]","[  7.58986450e-04   1.95218739e-08   8.10438719e-12   3.17584735e-13
  -5.08698071e-25  -4.18332378e-17   2.86861856e-26]","[  7.58483135e-04   1.82648862e-08   8.47782531e-12   3.23327715e-13
  -5.29697196e-25  -4.22818244e-17   7.73263151e-26]","[  7.59721613e-04   1.80666151e-08   8.69161623e-12   3.37861943e-13
  -5.77536510e-25  -4.53806246e-17  -4.07757473e-26]","[  7.60859996e-04   1.81789751e-08   7.68375432e-12   3.15333487e-13
  -4.71316451e-25  -4.11476577e-17  -1.37065120e-25]","[  7.61348603e-04   1.95304959e-08   7.50957508e-12   3.18180581e-13
  -4.50967772e-25  -4.15396759e-17  -1.96286403e-25]","[  7.62712228e-04   2.10764693e-08   7.90193172e-12   3.22638076e-13
  -4.43512007e-25  -4.18403921e-17  -2.62077079e-25]","[  7.60893896e-04   1.86032659e-08   7.05968857e-12   2.92288183e-13
  -3.21143546e-25  -3.21428335e-17  -2.70468905e-25]","[  7.62675819e-04   2.00117538e-08   6.96018395e-12   3.05156959e-13
  -3.43771891e-25  -3.38959669e-17  -2.82142896e-25]","[  7.60059415e-04   1.78798722e-08   6.38342773e-12   2.72741615e-13
  -2.85254504e-25  -2.71513980e-17  -2.19411302e-25]","[  7.59763192e-04   1.77253873e-08   6.15998499e-12   2.56828094e-13
  -2.32188152e-25  -2.02955850e-17  -2.24593445e-25]","[  7.59481940e-04   1.75976415e-08   6.59300167e-12   2.55712732e-13
  -2.23943278e-25  -1.51998020e-17  -2.45131948e-25]","[  7.58468219e-04   1.62008906e-08   6.15411062e-12   2.22871969e-13
  -1.85646241e-25  -9.97964774e-18  -1.83478651e-25]","[  7.59085580e-04   1.67772031e-08   5.99266090e-12   2.08174665e-13
  -1.61390806e-25  -5.00150227e-18  -1.67381016e-25]","[  7.58804491e-04   1.64368470e-08   5.86548038e-12   1.66961195e-13
  -1.05933894e-25  -1.31727561e-19  -1.26796013e-25]","[  7.58786860e-04   1.67361508e-08   5.81947728e-12   1.32846072e-13
  -7.47159747e-26   2.35774493e-18  -8.97839584e-26]","[  7.60692953e-04   1.68996641e-08   5.98998334e-12   1.31207168e-13
  -7.84467524e-26   3.19764479e-18  -8.58843571e-26]","[  7.58137454e-04   1.59403228e-08   4.85468911e-12   1.00960410e-13
  -5.41979942e-26   1.83410585e-18  -4.53705736e-26]","[  7.59077201e-04   1.76658445e-08   4.72321450e-12   1.00436334e-13
  -4.07161963e-26   4.03775173e-18  -5.59240824e-26]","[  7.59067766e-04   1.69648890e-08   4.52524169e-12   9.37814928e-14
  -4.01008160e-26   3.13330115e-18  -4.60908639e-26]","[  7.59523281e-04   1.67530146e-08   4.84090622e-12   8.46503672e-14
  -3.93673081e-26   3.14936609e-18  -3.72370983e-26]","[  7.58824045e-04   1.64991065e-08   5.05737583e-12   8.05095901e-14
  -4.08176125e-26   3.15080044e-18  -3.11944998e-26]","[  7.58997733e-04   1.43103013e-08   5.23323682e-12   5.04773504e-14
  -2.45334690e-26   1.61135364e-18  -8.43674083e-27]","[  7.59454321e-04   1.52479085e-08   6.24892763e-12   3.39869212e-14
  -1.55357311e-26   7.02873137e-19   1.99137764e-27]","[  7.60260985e-04   1.63083031e-08   6.39146687e-12   2.57859380e-14
  -1.03083205e-26   1.44144545e-18  -1.82293200e-27]","[  7.56677423e-04   1.35972910e-08   5.73784450e-12   1.36526370e-14
  -6.26210543e-28  -7.08056959e-19   3.76953467e-27]","[  7.56642140e-04   1.31939168e-08   6.24784358e-12   1.13181542e-14
   2.93204826e-27  -1.29819570e-18  -6.79416834e-28]","[  7.56640823e-04   1.29861664e-08   5.85303155e-12   1.16724797e-14
   7.70705206e-28  -1.03630114e-18  -2.95200117e-27]","[  7.57204137e-04   1.32449531e-08   5.73955160e-12   2.25825994e-14
  -6.19694367e-27  -7.06836183e-19  -5.26285381e-27]","[  7.56634434e-04   1.32059194e-08   6.51519068e-12   2.54255682e-14
  -8.86442498e-27  -6.21968673e-19  -5.33943405e-27]","[  7.56110806e-04   1.15741776e-08   6.53148093e-12   2.29674341e-14
  -4.30228981e-27  -1.11555758e-18  -7.78599694e-27]","[  7.57268774e-04   1.30671119e-08   6.59648874e-12   1.74045691e-14
   7.62078268e-28  -1.39906443e-18  -5.84782697e-27]","[  7.58018282e-04   1.43428925e-08   6.47431032e-12   1.64867662e-14
  -2.32596515e-27  -7.01539728e-19  -4.85833046e-27]","[  7.58671974e-04   1.58438601e-08   6.26346377e-12   1.82812209e-14
  -5.99209018e-27   3.48339859e-19  -1.53699745e-27]","[  7.56682518e-04   1.28413169e-08   6.22481907e-12   2.13388030e-14
  -5.88107150e-27  -4.18566036e-19  -5.08885991e-27]","[  7.56308225e-04   1.24729007e-08   6.67324432e-12   3.02319710e-14
  -1.23074944e-26  -1.78149636e-19  -5.73717512e-27]","[  7.56068075e-04   1.19885109e-08   6.77445273e-12   4.82835510e-14
  -2.74983639e-26   3.90344648e-19  -2.52905581e-27]","[  7.56212517e-04   1.26665720e-08   6.57418604e-12   7.08642913e-14
  -4.41311536e-26   1.82681825e-18   1.97976819e-26]","[  7.55761469e-04   1.24232448e-08   6.43012417e-12   1.06319352e-13
  -6.71046971e-26   2.39346802e-18   5.67870371e-26]","[  7.56340409e-04   1.18371743e-08   6.64166254e-12   1.23788854e-13
  -8.96099764e-26   6.60476448e-19   6.75916225e-26]","[  7.57621616e-04   1.22175749e-08   6.68350988e-12   1.38408998e-13
  -1.16185674e-25  -2.49004633e-18   6.49790010e-26]","[  7.57874099e-04   1.36994484e-08   6.32103379e-12   1.52755608e-13
  -1.18409003e-25  -3.92192916e-18   9.22510877e-26]","[  7.59639143e-04   1.48439756e-08   6.33107149e-12   1.51242774e-13
  -1.03378086e-25  -5.01935475e-18   1.05904891e-25]","[  7.59678231e-04   1.44690795e-08   6.60432546e-12   1.66245802e-13
  -1.34244210e-25  -9.01120373e-18   1.11009144e-25]","[  7.60714553e-04   1.40822239e-08   6.52448136e-12   1.95724800e-13
  -1.90890220e-25  -1.35837958e-17   1.11716604e-25]","[  7.61311947e-04   1.59569761e-08   6.34037637e-12   1.76736919e-13
  -1.75324493e-25  -1.57009143e-17   6.52966004e-26]","[  7.62864820e-04   1.76665893e-08   6.30379069e-12   1.78635342e-13
  -1.79007427e-25  -1.89262357e-17   6.23715211e-26]"
"telefono","[  1.88074533e-03   2.55538416e-06   6.92863461e-10   8.55013573e-11
  -2.08073151e-20  -1.36588505e-13   3.66337021e-22]","[  1.84106912e-03   2.43059950e-06   6.56827650e-10   8.09896858e-11
  -1.86098436e-20  -1.26147312e-13  -1.61416777e-21]","[  1.83805771e-03   2.41711993e-06   6.50038207e-10   8.04362234e-11
  -1.83512305e-20  -1.25001546e-13  -1.23532672e-21]","[  1.83997484e-03   2.42433062e-06   6.52020357e-10   8.05624550e-11
  -1.84590733e-20  -1.25337269e-13   4.33489710e-22]","[  1.82543099e-03   2.37733570e-06   6.33463541e-10   7.84841582e-11
  -1.74929966e-20  -1.20896655e-13   4.88982317e-22]","[  1.82350821e-03   2.37114489e-06   6.40696338e-10   7.92383296e-11
  -1.78533155e-20  -1.21996878e-13  -1.22410240e-22]","[  1.81873125e-03   2.35265296e-06   6.33989024e-10   7.86181192e-11
  -1.75160360e-20  -1.20547188e-13  -1.12191059e-21]","[  1.82344824e-03   2.36757474e-06   6.41887428e-10   7.94623002e-11
  -1.79292947e-20  -1.22261338e-13  -7.77465830e-22]","[  1.83046008e-03   2.39046343e-06   6.45965125e-10   7.99612586e-11
  -1.81597657e-20  -1.23627861e-13  -6.90502539e-22]","[  1.82591488e-03   2.37801324e-06   6.40857151e-10   7.92910757e-11
  -1.78726797e-20  -1.22262468e-13  -2.00806529e-22]","[  1.82341996e-03   2.36857525e-06   6.38082803e-10   7.89646011e-11
  -1.77152172e-20  -1.21388112e-13   5.89976305e-22]","[  1.82255533e-03   2.36659217e-06   6.41318056e-10   7.93154237e-11
  -1.78881684e-20  -1.21974227e-13   1.03948662e-22]","[  1.82060894e-03   2.36098957e-06   6.39303417e-10   7.91330623e-11
  -1.77597983e-20  -1.21543837e-13  -1.17748869e-21]","[  1.82775750e-03   2.38371122e-06   6.49887726e-10   8.03835539e-11
  -1.82959902e-20  -1.23964812e-13  -1.67575858e-21]","[  1.83247781e-03   2.39876954e-06   6.50389864e-10   8.03781650e-11
  -1.83679753e-20  -1.24488728e-13  -6.01482003e-22]","[  1.82652486e-03   2.38018023e-06   6.42598433e-10   7.95027410e-11
  -1.79612438e-20  -1.22537694e-13   5.54120298e-22]","[  1.83488798e-03   2.41195060e-06   6.38440122e-10   7.89629630e-11
  -1.77048969e-20  -1.22607284e-13  -9.32732048e-22]","[  1.83090287e-03   2.40016305e-06   6.38807026e-10   7.90344777e-11
  -1.76930081e-20  -1.22305084e-13  -1.52538077e-21]","[  1.83412976e-03   2.41143677e-06   6.49327852e-10   8.03053267e-11
  -1.81401633e-20  -1.24143363e-13  -2.68540842e-21]","[  1.83616064e-03   2.40776288e-06   6.68724958e-10   8.31417055e-11
  -1.90132491e-20  -1.27089269e-13  -4.77769715e-21]","[  1.83823195e-03   2.42393744e-06   6.57205204e-10   8.10449502e-11
  -1.87035112e-20  -1.26176009e-13  -1.62010622e-22]","[  1.87879431e-03   2.55820564e-06   6.80839402e-10   8.38936617e-11
  -1.99011330e-20  -1.33463604e-13   2.43937125e-21]","[  1.85208287e-03   2.47237586e-06   6.60626654e-10   8.14500526e-11
  -1.87905574e-20  -1.27553095e-13   1.97071176e-21]","[  1.86242349e-03   2.51066896e-06   6.65778912e-10   8.18311506e-11
  -1.90988681e-20  -1.29636266e-13   2.43776864e-22]","[  1.85478439e-03   2.48641728e-06   6.58737332e-10   8.11191318e-11
  -1.87505453e-20  -1.27890834e-13   2.09775679e-22]","[  1.86917902e-03   2.53250203e-06   6.74044430e-10   8.28491376e-11
  -1.95767528e-20  -1.31824875e-13   2.50648458e-22]","[  1.87257823e-03   2.54560774e-06   6.79240749e-10   8.35983047e-11
  -1.97931981e-20  -1.32939653e-13  -2.25165531e-21]","[  1.87277530e-03   2.54708653e-06   6.71603049e-10   8.25540430e-11
  -1.94049155e-20  -1.31640250e-13  -1.14300296e-21]","[  1.86933566e-03   2.53671617e-06   6.69948359e-10   8.24941980e-11
  -1.92389393e-20  -1.30810089e-13  -2.44342436e-21]","[  1.86565032e-03   2.52818167e-06   6.65961013e-10   8.19904583e-11
  -1.89713145e-20  -1.29629029e-13  -2.67407039e-21]","[  1.86671802e-03   2.53251829e-06   6.66808970e-10   8.19618158e-11
  -1.90689533e-20  -1.30068105e-13  -1.87584049e-21]","[  1.86345301e-03   2.52117255e-06   6.64144803e-10   8.18655301e-11
  -1.88692121e-20  -1.29118483e-13  -2.88833326e-21]","[  1.85992662e-03   2.50880968e-06   6.62935848e-10   8.18280983e-11
  -1.87836027e-20  -1.28464191e-13  -3.22550778e-21]","[  1.86026947e-03   2.50553591e-06   6.64938357e-10   8.19440606e-11
  -1.89440549e-20  -1.28889573e-13  -2.64550640e-21]","[  1.87355228e-03   2.54972592e-06   6.80191876e-10   8.35320522e-11
  -1.98207340e-20  -1.32986957e-13  -1.89493034e-21]","[  1.87704086e-03   2.55947412e-06   6.76564372e-10   8.33116330e-11
  -1.95710774e-20  -1.32339013e-13  -2.86311845e-21]","[  1.87178436e-03   2.53716066e-06   6.75599002e-10   8.35492946e-11
  -1.94420185e-20  -1.31306905e-13  -4.00338579e-21]","[  1.86635647e-03   2.53021520e-06   6.64107996e-10   8.27473311e-11
  -1.83967649e-20  -1.27457904e-13  -6.15060949e-21]","[  1.85158058e-03   2.48101962e-06   6.53649972e-10   8.12124766e-11
  -1.80125719e-20  -1.24907484e-13  -5.06601481e-21]","[  1.86889208e-03   2.53810772e-06   6.68518023e-10   8.25614181e-11
  -1.90427294e-20  -1.29957812e-13  -3.68737994e-21]","[  1.86108084e-03   2.50988385e-06   6.64365911e-10   8.23336355e-11
  -1.87235265e-20  -1.28065235e-13  -4.49767942e-21]","[  1.85373849e-03   2.47937386e-06   6.63289385e-10   8.23531082e-11
  -1.85672770e-20  -1.26635386e-13  -5.07126045e-21]","[  1.84778526e-03   2.45944622e-06   6.60095501e-10   8.16595525e-11
  -1.85892483e-20  -1.26333322e-13  -3.72571706e-21]","[  1.83617854e-03   2.42179102e-06   6.52836012e-10   8.06160419e-11
  -1.83597208e-20  -1.24718017e-13  -2.22576984e-21]","[  1.81791375e-03   2.35412946e-06   6.43786832e-10   7.96256489e-11
  -1.80251070e-20  -1.22104587e-13  -3.29771780e-22]","[  1.81040119e-03   2.32328918e-06   6.46665845e-10   8.00033773e-11
  -1.81891254e-20  -1.21822827e-13  -5.39040336e-22]","[  1.81061640e-03   2.32200234e-06   6.40146597e-10   7.92310454e-11
  -1.78314277e-20  -1.20730334e-13   6.59329734e-22]","[  1.79921953e-03   2.28133358e-06   6.37832682e-10   7.91935473e-11
  -1.77503058e-20  -1.19558352e-13   1.31151439e-21]","[  1.79406182e-03   2.25425524e-06   6.43195799e-10   7.99350120e-11
  -1.80508742e-20  -1.19909553e-13   1.63715612e-21]","[  1.78364593e-03   2.22355780e-06   6.34217726e-10   7.88389697e-11
  -1.75544996e-20  -1.17440417e-13   1.62029775e-21]","[  1.78084517e-03   2.22144399e-06   6.28249682e-10   7.86135035e-11
  -1.70435324e-20  -1.15959904e-13   3.83999409e-21]","[  1.76341680e-03   2.15994611e-06   6.19352713e-10   7.73590781e-11
  -1.67159575e-20  -1.13200426e-13   2.70295249e-21]","[  1.73973874e-03   2.07378290e-06   6.06968009e-10   7.60244048e-11
  -1.62668778e-20  -1.09407546e-13   1.44562680e-21]","[  1.70594696e-03   1.95933883e-06   5.93402071e-10   7.47044031e-11
  -1.55331346e-20  -1.04174309e-13   2.47282690e-21]","[  1.67769803e-03   1.86519082e-06   5.80430863e-10   7.39421715e-11
  -1.46939993e-20  -9.93025840e-14   4.32896264e-21]","[  1.65398814e-03   1.78590492e-06   5.76405779e-10   7.50624402e-11
  -1.38315410e-20  -9.48148768e-14   7.24344621e-21]","[  1.63806283e-03   1.72611171e-06   5.83455156e-10   7.89933913e-11
  -1.29127691e-20  -9.10132592e-14   1.09933777e-20]","[  1.62720966e-03   1.69029158e-06   5.73230769e-10   7.84325082e-11
  -1.21884525e-20  -8.77707758e-14   1.13145807e-20]","[  1.62274372e-03   1.66770816e-06   5.84891722e-10   8.06145457e-11
  -1.22963705e-20  -8.76116818e-14   1.24586630e-20]","[  1.61628394e-03   1.64797916e-06   5.68857755e-10   7.64120308e-11
  -1.28682526e-20  -8.85641618e-14   9.39183113e-21]","[  1.60155956e-03   1.60689172e-06   5.58539373e-10   7.62059770e-11
  -1.20889541e-20  -8.52108068e-14   1.00519401e-20]","[  1.56808027e-03   1.50634298e-06   5.51670746e-10   7.86441723e-11
  -1.02211705e-20  -7.69441498e-14   1.28009404e-20]","[  1.54915927e-03   1.44099403e-06   5.51200178e-10   7.90293615e-11
  -1.02274549e-20  -7.53891192e-14   1.29408453e-20]","[  1.57172006e-03   1.49367025e-06   5.78620038e-10   8.66633224e-11
  -9.12243742e-21  -7.42598018e-14   1.71288572e-20]","[  1.57629405e-03   1.49897498e-06   5.97186562e-10   9.27883191e-11
  -7.87917437e-21  -7.16095067e-14   2.03714807e-20]","[  1.55893301e-03   1.45132345e-06   5.89171312e-10   9.21966691e-11
  -7.50190898e-21  -6.92415126e-14   2.01358015e-20]","[  1.55018064e-03   1.43093793e-06   5.76175034e-10   8.94591883e-11
  -7.51275522e-21  -6.83118883e-14   1.88696472e-20]","[  1.55222877e-03   1.41992358e-06   6.02635890e-10   9.77075724e-11
  -6.25308584e-21  -6.60779350e-14   2.28699075e-20]","[  1.56890419e-03   1.47344598e-06   5.92633974e-10   9.28517871e-11
  -7.46932530e-21  -6.96149216e-14   2.04602789e-20]","[  1.53888023e-03   1.39901999e-06   5.66206632e-10   8.73970620e-11
  -7.68486126e-21  -6.74312722e-14   1.78583307e-20]","[  1.54659222e-03   1.41256924e-06   5.77800779e-10   9.25575765e-11
  -6.35360026e-21  -6.44329998e-14   2.04398745e-20]","[  1.52780069e-03   1.36513819e-06   5.72315092e-10   9.58453429e-11
  -3.96136128e-21  -5.58914112e-14   2.20955228e-20]","[  1.52771178e-03   1.36139443e-06   5.86218604e-10   1.04191960e-10
  -7.58746157e-22  -4.72877217e-14   2.57390490e-20]","[  1.53349521e-03   1.37624156e-06   6.04508971e-10   1.13582373e-10
   2.81604132e-21  -3.85971069e-14   2.96288659e-20]","[  1.53928986e-03   1.38829826e-06   6.15189684e-10   1.23406494e-10
   7.28297821e-21  -2.72082287e-14   3.32134298e-20]","[  1.55841712e-03   1.43829276e-06   6.48248304e-10   1.35976231e-10
   1.22017725e-20  -1.78841835e-14   3.84824897e-20]","[  1.59872802e-03   1.54926486e-06   6.88292487e-10   1.49749949e-10
   1.74725595e-20  -1.03622994e-14   4.47894948e-20]","[  1.58699177e-03   1.52715426e-06   6.82302837e-10   1.57300489e-10
   2.31000995e-20   5.00211083e-15   4.60653271e-20]","[  1.65061855e-03   1.70028202e-06   7.56188849e-10   1.79059080e-10
   3.28521617e-20   1.79227223e-14   5.71141894e-20]","[  1.61634213e-03   1.62539903e-06   7.41254561e-10   1.69485240e-10
   2.71100697e-20   7.18896246e-15   5.36082630e-20]","[  1.65892347e-03   1.74310552e-06   8.03025258e-10   1.83535671e-10
   3.19385035e-20   8.74440700e-15   6.28060910e-20]","[  1.71917011e-03   1.91872552e-06   8.54799444e-10   2.01164418e-10
   4.12936095e-20   2.19334369e-14   7.24801450e-20]","[  1.92212873e-03   2.49933440e-06   9.72630395e-10   2.10317252e-10
   3.85064848e-20  -5.09191594e-15   8.69808373e-20]","[  2.25994813e-03   3.67649560e-06   1.13422839e-09   1.54713708e-10
  -3.92979975e-20  -2.31258720e-13   5.15366970e-20]","[  2.51971504e-03   4.77671462e-06   1.33026259e-09   1.62420105e-10
  -7.40875670e-20  -3.49174880e-13  -1.45187694e-20]","[  2.90430822e-03   6.59849293e-06   1.86145534e-09   7.28918183e-10
   7.65171988e-19   1.11751338e-12   3.68014920e-19]","[  3.50784086e-03   9.99331534e-06   8.25483090e-09   6.37847360e-09
   4.62382236e-17   1.95124661e-11   2.05403253e-18]","[  3.60177970e-03   1.06376563e-05   1.09724548e-08   9.03258670e-09
   8.99040334e-17   2.90325929e-11   1.83994798e-18]","[  3.63352552e-03   1.09095940e-05   7.15349181e-09   5.77163629e-09
   3.70675700e-17   1.85435236e-11   1.16219611e-18]","[  3.95466982e-03   1.31329375e-05   2.66564566e-09   1.53573444e-09
   3.06661505e-18   4.60141832e-12   5.00838416e-19]","[  7.87784495e-03   2.64842631e-05   4.60404929e-07   4.92336148e-07
   2.34125481e-13   2.44164270e-09  -1.13962409e-14]","[  3.66574794e-03   1.91519860e-07   1.64005327e-07   1.45755286e-07
   2.22504473e-14   3.55692533e-11  -3.57243078e-15]","[  1.97380230e-03   2.86056242e-06   1.01787977e-09   3.02853168e-10
   1.26477328e-19   1.87832029e-13   1.10805458e-19]","[  1.96897907e-03   2.84299614e-06   1.00018145e-09   2.87221809e-10
   1.11732155e-19   1.59909891e-13   1.05900808e-19]","[  2.03641942e-03   3.07643875e-06   1.10556986e-09   3.20182554e-10
   1.40388098e-19   1.91476348e-13   1.28765412e-19]","[  2.00693830e-03   2.98504962e-06   1.04080300e-09   2.87662066e-10
   1.10136726e-19   1.47301445e-13   1.12450226e-19]","[  2.16001608e-03   2.27167360e-06   1.64667763e-09   2.49148235e-09
  -5.98173171e-19  -3.65809555e-12  -5.01093182e-18]","[  2.00990349e-03   3.00283422e-06   1.08093132e-09   3.38927148e-10
   1.61843955e-19   2.43526319e-13   1.26057723e-19]","[  1.99794166e-03   2.95927294e-06   1.03324241e-09   3.12778910e-10
   1.36083130e-19   2.05727856e-13   1.14446238e-19]","[  1.98882300e-03   2.92795688e-06   1.03838827e-09   3.08960094e-10
   1.32033448e-19   1.94874129e-13   1.14854354e-19]"
"escalera","[  3.83563691e-03   1.38199787e-05   3.38265817e-10   2.61240000e-10
   7.76200796e-20   9.58213379e-13   2.44007819e-21]","[  3.68379896e-03   1.27148527e-05   3.20624228e-10   2.49447795e-10
   7.05221030e-20   8.81082979e-13   1.80634182e-21]","[  3.75305205e-03   1.32203884e-05   3.58982326e-10   2.83793359e-10
   9.05550938e-20   1.02225367e-12   2.19020870e-21]","[  3.72326586e-03   1.30043610e-05   2.69774438e-10   2.04972462e-10
   4.81718952e-20   7.28502460e-13   1.63478933e-21]","[  3.70017982e-03   1.28366003e-05   2.29702578e-10   1.73858581e-10
   3.47241337e-20   6.14065939e-13   1.16839431e-21]","[  3.70082697e-03   1.28457995e-05   3.02939515e-10   2.41982553e-10
   6.54982200e-20   8.59297534e-13   1.56885302e-21]","[  3.72501995e-03   1.30157114e-05   3.54529096e-10   2.84624394e-10
   9.03950640e-20   1.01974135e-12   1.83438152e-21]","[  3.76333099e-03   1.32963251e-05   2.61234660e-10   2.04672777e-10
   4.73107867e-20   7.38961081e-13   1.22423909e-21]","[  3.73924396e-03   1.31239261e-05   2.28853740e-10   1.74232268e-10
   3.47702836e-20   6.22141972e-13   1.21194930e-21]","[  3.71544478e-03   1.29548988e-05   2.70757179e-10   2.12333072e-10
   5.08953225e-20   7.56976565e-13   1.28595361e-21]","[  3.73837318e-03   1.31256572e-05   2.91317821e-10   2.33152598e-10
   6.07498557e-20   8.38299788e-13   1.29507843e-21]","[  3.79367262e-03   1.35295403e-05   2.88387509e-10   2.29774162e-10
   5.91291192e-20   8.36422552e-13   1.49407600e-21]","[  3.80672747e-03   1.36283642e-05   2.09425420e-10   1.62296008e-10
   2.99070347e-20   5.91667310e-13   9.14857916e-22]","[  3.78696201e-03   1.34875474e-05   2.24477407e-10   1.77861026e-10
   3.55276945e-20   6.46913547e-13   9.03795993e-22]","[  3.77899830e-03   1.34360323e-05   2.29898615e-10   1.82269075e-10
   3.73014239e-20   6.62960080e-13   8.48212813e-22]","[  3.82427486e-03   1.37709854e-05   2.66394731e-10   2.15643522e-10
   5.16743980e-20   7.94003093e-13   1.06383564e-21]","[  3.88340150e-03   1.42141799e-05   2.52118691e-10   2.04009797e-10
   4.62557559e-20   7.62192768e-13   1.05660415e-21]","[  3.92252464e-03   1.45140898e-05   1.85923623e-10   1.47147405e-10
   2.43302391e-20   5.55138484e-13   6.39190489e-22]","[  3.89760255e-03   1.43338611e-05   1.74528323e-10   1.38793130e-10
   2.15952187e-20   5.20720202e-13   5.22961750e-22]","[  3.86511275e-03   1.40885725e-05   2.27737346e-10   1.81897527e-10
   3.70113891e-20   6.76154575e-13   8.77163736e-22]","[  3.86472926e-03   1.40892719e-05   2.60461091e-10   2.11875441e-10
   4.97595912e-20   7.87398364e-13   1.14801561e-21]","[  3.85449195e-03   1.40061934e-05   3.01566966e-10   2.45634029e-10
   6.68358050e-20   9.09172153e-13   1.54162316e-21]","[  3.91407028e-03   1.44565273e-05   2.55914737e-10   2.07985048e-10
   4.79709263e-20   7.82535222e-13   1.11706505e-21]","[  3.91980600e-03   1.45054585e-05   1.77208133e-10   1.40464656e-10
   2.21524353e-20   5.28616305e-13   6.21651585e-22]","[  3.84240428e-03   1.39156355e-05   1.83789733e-10   1.48634635e-10
   2.45594394e-20   5.48754411e-13   5.82698766e-22]","[  3.83493059e-03   1.38558396e-05   1.50572354e-10   1.18665371e-10
   1.58544945e-20   4.35577718e-13   4.88705635e-22]","[  3.86630592e-03   1.40883064e-05   1.68404420e-10   1.36964343e-10
   2.07951013e-20   5.08690237e-13   5.02940552e-22]","[  3.86205188e-03   1.40563386e-05   1.43874085e-10   1.16327506e-10
   1.50444691e-20   4.31352739e-13   3.79384639e-22]","[  3.83505260e-03   1.38570177e-05   1.16782391e-10   9.44382714e-11
   9.91461887e-21   3.48140440e-13   2.46974559e-22]","[  3.81309797e-03   1.36926027e-05   7.85820801e-11   6.45571398e-11
   4.59678138e-21   2.36998674e-13   1.10009652e-22]","[  3.76794730e-03   1.33526733e-05   5.86036125e-11   4.69333333e-11
   2.45993496e-21   1.68795507e-13   8.52553490e-23]","[  3.79008515e-03   1.35192869e-05   5.18383292e-11   4.12033009e-11
   1.90320426e-21   1.49404400e-13   6.30402355e-23]","[  3.76034672e-03   1.32823840e-05   5.95573997e-11   4.74732813e-11
   2.52319300e-21   1.71157502e-13   7.49017006e-23]","[  3.73153053e-03   1.30759186e-05   6.47316864e-11   5.23751550e-11
   3.04858723e-21   1.87543400e-13   7.95527391e-23]","[  3.68008431e-03   1.27084017e-05   5.99413513e-11   4.87944133e-11
   2.63800709e-21   1.72393446e-13   6.75788646e-23]","[  3.73010150e-03   1.30774047e-05   4.13283420e-11   3.37712340e-11
   1.26108572e-21   1.20736463e-13   3.82597488e-23]","[  3.78259945e-03   1.34548448e-05   4.73240806e-11   3.88910356e-11
   1.66767374e-21   1.40952892e-13   5.11602287e-23]","[  3.71300948e-03   1.29409782e-05   4.75420073e-11   3.76322781e-11
   1.59088825e-21   1.33459110e-13   5.28872436e-23]","[  3.67379076e-03   1.26635930e-05   2.86076596e-11   2.35399528e-11
   6.10602396e-22   8.29384426e-14   1.81151741e-23]","[  3.62557834e-03   1.23184999e-05   1.15252324e-11   9.83316395e-12
   1.04609771e-22   3.40500864e-14   3.84074898e-24]","[  3.59446084e-03   1.20902844e-05   2.19557176e-12   1.91282998e-12
   3.91062734e-24   6.57091101e-15   2.71213917e-25]","[  3.57258448e-03   1.19298642e-05   6.00067316e-12   5.63972950e-12
   3.27941336e-23   1.94517379e-14   9.73419293e-25]","[  3.49175158e-03   1.13782359e-05   4.49597811e-12   4.51839435e-12
   2.03522547e-23   1.52293258e-14   7.25504667e-25]","[  3.46190849e-03   1.11637570e-05   2.23381951e-12   1.17413307e-12
   1.89556734e-24   3.62691660e-15   1.50293496e-25]","[  3.49141291e-03   1.13511897e-05   1.25740305e-11   8.11938002e-12
   8.19292781e-23   2.60570280e-14   4.24595316e-24]","[  3.45538987e-03   1.10908598e-05   1.89948446e-11   1.25862993e-11
   1.94397251e-22   4.02828586e-14   9.09539649e-24]","[  3.46530151e-03   1.11606921e-05   1.59290106e-11   1.00900191e-11
   1.27700520e-22   3.21090369e-14   7.45966545e-24]","[  3.45280583e-03   1.10796836e-05   5.80078495e-12   2.42278690e-12
   8.86635831e-24   6.87369242e-15   1.97068516e-24]","[  3.44827253e-03   1.10502655e-05   1.49413592e-11   8.43901299e-12
   9.43164589e-23   2.61306927e-14   9.17456849e-24]","[  3.44821256e-03   1.10417750e-05   4.29874815e-11   3.13415158e-11
   1.14983648e-21   1.01024586e-13   3.61824225e-23]","[  3.39004497e-03   1.06472913e-05   3.25621044e-11   2.19693081e-11
   5.87090483e-22   6.92139403e-14   2.44327575e-23]","[  3.34357064e-03   1.03320434e-05   2.28246146e-11   1.36391526e-11
   2.39853267e-22   4.10722793e-14   1.95452690e-23]","[  3.27249533e-03   9.86887538e-06   4.09478522e-11   2.54384177e-11
   8.18979566e-22   7.62385962e-14   5.77659012e-23]","[  3.23928684e-03   9.65606350e-06   5.44528639e-11   3.68241299e-11
   1.64730944e-21   1.10805515e-13   7.36748078e-23]","[  3.19666344e-03   9.37955760e-06   8.82262667e-11   6.42222041e-11
   4.83176398e-21   1.92349872e-13   1.54199558e-22]","[  3.15084844e-03   9.08855828e-06   1.22476703e-10   8.84016343e-11
   9.19549145e-21   2.62326204e-13   2.35384617e-22]","[  3.11993982e-03   8.89170553e-06   1.04568343e-10   6.99967427e-11
   5.98067821e-21   2.01984473e-13   3.05651849e-22]","[  3.08094519e-03   8.64714682e-06   9.39909782e-11   6.32341752e-11
   4.86827519e-21   1.79463749e-13   2.55169630e-22]","[  3.03061584e-03   8.34016201e-06   1.07459594e-10   7.00584161e-11
   6.06778844e-21   1.94551666e-13   3.64607407e-22]","[  3.00133338e-03   8.16506897e-06   1.36685993e-10   9.05014617e-11
   1.00476629e-20   2.48208398e-13   6.02866423e-22]","[  3.01716564e-03   8.25045835e-06   1.65618152e-10   1.11949201e-10
   1.52201649e-20   3.09454240e-13   8.43621597e-22]","[  2.98793605e-03   8.07939882e-06   1.14533227e-10   6.92951706e-11
   6.14925750e-21   1.85816472e-13   5.44756620e-22]","[  2.94981815e-03   7.85604741e-06   1.08336679e-10   6.59578132e-11
   5.55570352e-21   1.74873717e-13   4.69928386e-22]","[  2.90689886e-03   7.60339228e-06   1.15006605e-10   6.93884035e-11
   6.17386622e-21   1.80485933e-13   5.52888488e-22]","[  2.88500700e-03   7.47431589e-06   1.31035245e-10   8.18258435e-11
   8.44646601e-21   2.12571111e-13   6.68200553e-22]","[  2.83191225e-03   7.17070127e-06   1.34901596e-10   8.13525818e-11
   8.49021753e-21   2.06316023e-13   7.40759987e-22]","[  2.79657852e-03   6.97843699e-06   1.43554995e-10   8.90183224e-11
   1.00347030e-20   2.24507190e-13   7.54369275e-22]","[  2.75674836e-03   6.76628507e-06   1.60372857e-10   9.76491380e-11
   1.21764174e-20   2.40915905e-13   1.03009360e-21]","[  2.74903962e-03   6.72361826e-06   2.08600401e-10   1.35527455e-10
   2.27475156e-20   3.38773087e-13   1.35093579e-21]","[  2.73078565e-03   6.62198415e-06   2.24488519e-10   1.45175008e-10
   2.61525508e-20   3.58722349e-13   1.70482543e-21]","[  2.72567463e-03   6.59271171e-06   2.22241508e-10   1.38414801e-10
   2.42002738e-20   3.37814923e-13   1.92251198e-21]","[  2.71868910e-03   6.55845139e-06   2.33874581e-10   1.42480834e-10
   2.59144627e-20   3.45671119e-13   2.21733601e-21]","[  2.80234130e-03   6.98947508e-06   2.47374361e-10   1.52030197e-10
   2.93777811e-20   3.81345727e-13   2.48899666e-21]","[  2.81557963e-03   7.06559185e-06   2.33805057e-10   1.45703270e-10
   2.68093677e-20   3.69034764e-13   2.11268494e-21]","[  2.80020422e-03   6.97721245e-06   2.28114076e-10   1.38986572e-10
   2.46574256e-20   3.48534152e-13   2.11218773e-21]","[  2.78128891e-03   6.87425173e-06   2.19803378e-10   1.33037337e-10
   2.26682038e-20   3.31716148e-13   1.92502669e-21]","[  2.78696778e-03   6.89925873e-06   2.81311493e-10   1.75761730e-10
   3.89743619e-20   4.41838869e-13   2.90275869e-21]","[  2.75291707e-03   6.71186298e-06   2.39300010e-10   1.42614283e-10
   2.62385435e-20   3.50242694e-13   2.37789749e-21]","[  2.76528930e-03   6.77633163e-06   2.70643715e-10   1.66727235e-10
   3.53046888e-20   4.14011597e-13   2.81525315e-21]","[  2.76875965e-03   6.79617688e-06   2.77125090e-10   1.71798329e-10
   3.73709705e-20   4.28089305e-13   2.93135030e-21]","[  2.75232788e-03   6.71054405e-06   2.74007931e-10   1.66229465e-10
   3.53402176e-20   4.08926650e-13   3.10923964e-21]","[  2.76098835e-03   6.74805114e-06   3.09131205e-10   1.91358009e-10
   4.63921721e-20   4.74585380e-13   3.72662179e-21]","[  2.76841107e-03   6.78620443e-06   3.41986269e-10   2.19815801e-10
   6.01287022e-20   5.50504453e-13   4.10730654e-21]","[  2.77014843e-03   6.79865640e-06   3.89118353e-10   2.47982384e-10
   7.68307944e-20   6.19595770e-13   5.56627874e-21]","[  2.78314516e-03   6.86975357e-06   3.77660953e-10   2.37103890e-10
   7.07346915e-20   5.93325868e-13   5.53717796e-21]","[  2.75362383e-03   6.71908193e-06   3.39119856e-10   2.16890189e-10
   5.86681255e-20   5.38434655e-13   4.24569331e-21]","[  2.76769122e-03   6.78130273e-06   3.71214213e-10   2.30328909e-10
   6.71374388e-20   5.72466989e-13   5.34153227e-21]","[  2.77099414e-03   6.79540118e-06   3.44730718e-10   2.06467415e-10
   5.48541193e-20   5.11090810e-13   5.01578590e-21]","[  2.75415341e-03   6.70640713e-06   3.17459360e-10   1.92832290e-10
   4.75291212e-20   4.74718295e-13   4.15592181e-21]","[  2.79194768e-03   6.90168811e-06   3.68749659e-10   2.27427078e-10
   6.56301206e-20   5.69412700e-13   5.51122455e-21]","[  2.79232684e-03   6.90958202e-06   3.03566127e-10   1.78285972e-10
   4.12554182e-20   4.41718729e-13   4.27703381e-21]","[  2.78862732e-03   6.88670171e-06   3.59317199e-10   2.21810729e-10
   6.24071320e-20   5.56052931e-13   5.15848644e-21]","[  2.85056341e-03   7.22896245e-06   3.80978332e-10   2.38090269e-10
   7.14752335e-20   6.11868153e-13   5.76279014e-21]","[  2.83879346e-03   7.16886012e-06   3.82937056e-10   2.42678793e-10
   7.37640553e-20   6.22962632e-13   5.64195775e-21]","[  2.85707591e-03   7.27371494e-06   3.65887473e-10   2.27275690e-10
   6.53101492e-20   5.85110050e-13   5.47840354e-21]","[  2.89253621e-03   7.46538195e-06   4.09282425e-10   2.61348273e-10
   8.52373618e-20   6.85401414e-13   6.37427340e-21]","[  2.92603744e-03   7.66103650e-06   4.60628069e-10   3.04876082e-10
   1.14008059e-19   8.14746569e-13   7.44759527e-21]","[  2.94616280e-03   7.77655132e-06   4.61643950e-10   3.04979784e-10
   1.14180388e-19   8.20458972e-13   7.63448842e-21]","[  2.97420408e-03   7.94302907e-06   4.60151258e-10   3.02821580e-10
   1.12766871e-19   8.21220642e-13   7.84727305e-21]","[  3.00187909e-03   8.10576962e-06   4.49959955e-10   2.99552901e-10
   1.09727141e-19   8.22020244e-13   7.39166308e-21]"
"servicio","[  1.27125920e-03   1.00552556e-06   9.85354908e-11   6.45755669e-11
   5.15086941e-21   6.42038336e-14  -4.70848694e-23]","[  1.25609768e-03   1.04113049e-06   9.51587859e-11   5.37244631e-11
   3.84026613e-21   5.44002565e-14  -9.07584600e-23]","[  1.27092270e-03   1.06824477e-06   1.02864385e-10   6.10386510e-11
   4.83581316e-21   6.26682626e-14  -8.70755386e-23]","[  1.27606540e-03   1.07523029e-06   9.85218053e-11   5.80493122e-11
   4.38910090e-21   5.97820370e-14  -8.74736307e-23]","[  1.26893472e-03   1.06065061e-06   9.92184388e-11   5.80264945e-11
   4.40207474e-21   5.93898156e-14  -8.35902590e-23]","[  1.27199031e-03   1.06778859e-06   1.01025578e-10   6.00734749e-11
   4.67918180e-21   6.16684507e-14  -8.39486790e-23]","[  1.27033659e-03   1.06218463e-06   1.00005964e-10   5.88297543e-11
   4.51102642e-21   6.00845226e-14  -1.11713074e-22]","[  1.27241122e-03   1.06452961e-06   1.00370963e-10   5.97078587e-11
   4.62134057e-21   6.11644384e-14  -9.05298393e-23]","[  1.27513702e-03   1.07325594e-06   1.00374527e-10   5.92164013e-11
   4.56448947e-21   6.09127043e-14  -8.90119624e-23]","[  1.27476978e-03   1.07442605e-06   9.92413451e-11   5.80436719e-11
   4.40439908e-21   5.97628071e-14  -9.06545799e-23]","[  1.27350981e-03   1.07031401e-06   1.00383301e-10   5.94437703e-11
   4.59085072e-21   6.10514338e-14  -9.70835035e-23]","[  1.27690880e-03   1.07698588e-06   1.02190651e-10   6.07626462e-11
   4.78707568e-21   6.25565797e-14  -9.76346977e-23]","[  1.28254849e-03   1.09024519e-06   1.02432018e-10   6.12101556e-11
   4.84575717e-21   6.34468175e-14  -9.94497445e-23]","[  1.28558388e-03   1.10102524e-06   1.03111397e-10   6.08932541e-11
   4.82417959e-21   6.35021624e-14  -9.46901491e-23]","[  1.28830562e-03   1.11041058e-06   1.06096491e-10   6.31762539e-11
   5.17146779e-21   6.62152105e-14  -9.11785882e-23]","[  1.29136325e-03   1.11610551e-06   1.09054542e-10   6.55338956e-11
   5.53912656e-21   6.88324792e-14  -1.06041356e-22]","[  1.33981405e-03   1.22044707e-06   1.35672197e-10   8.56266783e-11
   9.22791257e-21   9.40988379e-14  -1.47674199e-22]","[  1.31066123e-03   1.15841780e-06   1.19221077e-10   7.24088235e-11
   6.72662608e-21   7.75999310e-14  -1.17697581e-22]","[  1.31421987e-03   1.17511937e-06   1.16452391e-10   7.04098233e-11
   6.37500511e-21   7.61099474e-14  -9.02840970e-23]","[  1.33566050e-03   1.22192594e-06   1.32540665e-10   8.23744725e-11
   8.60682060e-21   9.08703237e-14  -8.42189753e-23]","[  1.33151405e-03   1.22226978e-06   1.26492534e-10   7.73090724e-11
   7.64454574e-21   8.53142165e-14  -8.43824856e-23]","[  1.33352171e-03   1.22704636e-06   1.26540426e-10   7.75381588e-11
   7.68013205e-21   8.57769030e-14  -7.21899342e-23]","[  1.33714949e-03   1.23256040e-06   1.31852128e-10   8.20437907e-11
   8.53288483e-21   9.09798925e-14  -7.38488915e-23]","[  1.34633050e-03   1.25911266e-06   1.34428731e-10   8.35894570e-11
   8.86064411e-21   9.37181759e-14  -5.38198736e-23]","[  1.37816340e-03   1.33248953e-06   1.53391518e-10   9.88314253e-11
   1.21685885e-20   1.13994240e-13  -4.56409795e-23]","[  1.35125556e-03   1.27849577e-06   1.27780531e-10   7.82016193e-11
   7.81701391e-21   8.83587071e-14  -6.51393102e-23]","[  1.35033269e-03   1.27307240e-06   1.30761026e-10   8.03153432e-11
   8.23052269e-21   9.05543078e-14  -5.45050843e-23]","[  1.36569451e-03   1.29295118e-06   1.57805502e-10   1.01042875e-10
   1.27590485e-20   1.14856625e-13  -3.14580914e-23]","[  1.36843941e-03   1.29421696e-06   1.66329497e-10   1.07871316e-10
   1.44491851e-20   1.22686932e-13  -1.54906832e-23]","[  1.34034363e-03   1.24948330e-06   1.34183990e-10   8.06723660e-11
   8.39338338e-21   9.01691806e-14  -1.25001636e-23]","[  1.34155994e-03   1.24030336e-06   1.47851251e-10   9.27493391e-11
   1.08611866e-20   1.03290590e-13   2.81622732e-23]","[  1.33444128e-03   1.22929071e-06   1.37009423e-10   8.35245849e-11
   8.93503634e-21   9.26055314e-14  -1.18829373e-23]","[  1.33792309e-03   1.23249376e-06   1.42029465e-10   8.68595222e-11
   9.64748461e-21   9.64269593e-14   2.34748748e-23]","[  1.33623291e-03   1.22632380e-06   1.44821750e-10   8.93370098e-11
   1.01615685e-20   9.89207161e-14   3.94082422e-23]","[  1.32875080e-03   1.20977234e-06   1.39706052e-10   8.50719645e-11
   9.27434026e-21   9.35483482e-14   4.11646471e-23]","[  1.36333125e-03   1.28629296e-06   1.63906404e-10   1.02785538e-10
   1.33409906e-20   1.16529381e-13   8.04808645e-23]","[  1.38198915e-03   1.32610099e-06   1.74951466e-10   1.11947351e-10
   1.56665218e-20   1.28862666e-13   8.85403368e-23]","[  1.34451133e-03   1.24489154e-06   1.45785697e-10   8.93336974e-11
   1.01944997e-20   9.96058423e-14   8.33170632e-23]","[  1.32635065e-03   1.20636951e-06   1.38007518e-10   8.35713022e-11
   8.97485205e-21   9.17383751e-14   6.03802439e-23]","[  1.32902318e-03   1.21032823e-06   1.39703283e-10   8.43122773e-11
   9.15017464e-21   9.26945181e-14   6.25686004e-23]","[  1.31332139e-03   1.16835844e-06   1.39832123e-10   8.35304779e-11
   9.02735005e-21   9.02242813e-14   6.31963367e-23]","[  1.31460305e-03   1.16838532e-06   1.39855834e-10   8.35227579e-11
   9.02675358e-21   9.01907929e-14   7.73563957e-23]","[  1.30228511e-03   1.13528347e-06   1.40831901e-10   8.40442187e-11
   9.14291567e-21   8.94140150e-14   1.03030137e-22]","[  1.29926223e-03   1.13009954e-06   1.35245208e-10   7.98302176e-11
   8.29449702e-21   8.47424529e-14   8.32199500e-23]","[  1.59554301e-03   6.85343124e-07   3.81164468e-09   4.98550554e-09
   1.99296980e-17  -1.32955046e-12  -8.66782240e-18]","[  3.30446656e-03   2.56360473e-06   1.55365479e-07   1.48218286e-07
   2.24512667e-14   2.13438657e-10  -1.35463780e-15]","[  1.36737407e-03   9.52101584e-07   8.11560915e-11   5.79452764e-10
   2.68423752e-20   5.03223367e-15  -1.22756818e-19]","[  1.29804467e-03   1.11351766e-06   1.45535704e-10   8.57492825e-11
   9.57762080e-21   9.01312195e-14   1.75476174e-22]","[  1.27703100e-03   1.06173434e-06   1.40574978e-10   8.15163286e-11
   8.72513094e-21   8.37592625e-14   1.31042332e-22]","[  1.26364068e-03   1.03626463e-06   1.30137233e-10   7.25471288e-11
   7.04779478e-21   7.35686940e-14   1.33481911e-22]","[  1.44603345e-03   8.30444517e-07   1.05895272e-09   2.10019130e-09
   2.77202314e-18  -2.13559903e-13  -1.45791945e-18]","[  1.26231052e-03   1.02389799e-06   1.40400303e-10   8.03295318e-11
   8.52951176e-21   8.09927606e-14   1.56085077e-22]","[  1.26901630e-03   1.00325192e-06   7.44983686e-11   1.09713449e-10
   8.03672444e-21   9.50941068e-14   5.81338868e-21]","[  3.30670241e-03   3.89185731e-06   1.57771654e-07   1.58850956e-07
   2.51321259e-14   2.83144037e-10  -8.86501053e-16]","[  5.51372714e-03   1.76662964e-05   4.00926177e-07   4.31643450e-07
   1.79544267e-13   1.77695141e-09  -2.68057347e-15]","[  6.07437480e-03   2.28283749e-05   4.20155883e-07   4.84739497e-07
   2.18752360e-13   2.27671066e-09  -1.82351384e-15]","[  4.20546575e-03   9.21742172e-06   2.73093934e-07   2.90089606e-07
   8.16393445e-14   8.43544180e-10  -1.29664884e-15]","[  3.34034195e-03   5.44306346e-06   1.63654993e-07   1.75518655e-07
   2.97443599e-14   3.79648830e-10  -4.27850556e-16]","[  5.40442811e-03   1.83692146e-05   3.71557213e-07   4.41473714e-07
   1.78799490e-13   1.85388569e-09  -7.52732721e-16]","[  5.94096203e-03   2.36843567e-05   3.97084520e-07   4.92060188e-07
   2.17504370e-13   2.35901440e-09   4.26141856e-16]","[  5.87740418e-03   2.31346064e-05   4.00062748e-07   5.16048292e-07
   2.34476047e-13   2.44697482e-09   5.25270731e-16]","[  1.50132201e-03   1.07595947e-06   5.19553877e-09   6.13057680e-09
   3.45947383e-17   4.05950593e-12  -5.61760647e-19]","[  1.22200716e-03   8.12478845e-07   2.98478631e-10   4.76032039e-10
   1.78647030e-19   2.90769662e-13   1.68140484e-20]","[  4.14690505e-03   1.20903464e-05   2.54474619e-07   2.94507145e-07
   8.06058490e-14   1.00337423e-09   1.72505345e-15]","[  1.14044811e-03   7.42043141e-07   1.01540263e-10   4.79912492e-11
   3.34939241e-21   4.11508001e-14   7.05027261e-23]","[  1.13883184e-03   7.39748887e-07   1.04506264e-10   5.02738557e-11
   3.64219393e-21   4.29727769e-14   1.16324643e-22]","[  1.13158114e-03   7.25065704e-07   1.01343111e-10   4.81006823e-11
   3.35636275e-21   4.06426900e-14   1.15068641e-22]","[  1.13955061e-03   7.37267042e-07   1.05758978e-10   5.03810072e-11
   3.67512518e-21   4.28928035e-14   1.33595707e-22]","[  5.60893541e-03   2.45143942e-05   5.39180066e-07   6.31310276e-07
   3.68285605e-13   3.10329190e-09   5.38709423e-15]","[  6.95057170e-03   3.76974729e-05   5.56259432e-07   7.56913655e-07
   4.90918999e-13   4.63079756e-09   1.48410012e-14]","[  5.83694228e-03   2.83977176e-05   5.71455607e-07   6.52603861e-07
   3.98522138e-13   3.46807509e-09   3.11374684e-15]","[  4.79089092e-03   1.96010999e-05   4.47980684e-07   4.73832484e-07
   2.18305474e-13   2.09406686e-09   7.04973615e-16]","[  5.47446528e-03   2.57540125e-05   4.64116637e-07   5.21010798e-07
   2.56199425e-13   2.64288463e-09   1.28979544e-15]","[  1.09960651e-03   6.46784005e-07   9.62164855e-11   4.23984713e-11
   2.70744155e-21   3.39837040e-14   5.54155682e-23]","[  1.10305616e-03   6.50967906e-07   9.48724185e-11   4.14125215e-11
   2.59531910e-21   3.33238186e-14   4.87919002e-23]","[  1.10413529e-03   6.48529993e-07   9.54063500e-11   4.05703494e-11
   2.52386899e-21   3.26147813e-14   3.20228727e-23]","[  1.08901388e-03   6.19746898e-07   9.34696883e-11   3.97119988e-11
   2.41924208e-21   3.12011261e-14   3.22937018e-23]","[  1.10812999e-03   6.47181405e-07   1.03288824e-10   4.59352727e-11
   3.16396453e-21   3.69211427e-14   2.58632382e-23]","[  1.08907102e-03   6.13170866e-07   9.51990199e-11   4.06773188e-11
   2.53113532e-21   3.18194360e-14   2.94293641e-23]","[  1.11955604e-03   6.58879251e-07   1.03047139e-10   4.60977595e-11
   3.17705776e-21   3.73953763e-14   2.41874824e-23]","[  1.09041798e-03   6.09445232e-07   9.98102354e-11   4.31393923e-11
   2.83063854e-21   3.36619441e-14   2.28575758e-23]","[  1.06748354e-03   5.70323651e-07   9.35402795e-11   3.82930549e-11
   2.29169999e-21   2.89035735e-14   2.28517937e-23]","[  1.06503753e-03   5.64954860e-07   9.21167753e-11   3.76606900e-11
   2.21818818e-21   2.83017550e-14   8.75728629e-24]","[  1.05860372e-03   5.53013028e-07   9.10735546e-11   3.71154913e-11
   2.15788756e-21   2.76007923e-14   1.81415165e-24]","[  1.06239733e-03   5.54660960e-07   9.28914102e-11   3.75363388e-11
   2.21643046e-21   2.79520106e-14  -1.61540434e-23]","[  1.06546000e-03   5.64663382e-07   9.56292005e-11   3.93073185e-11
   2.40982119e-21   2.95284214e-14  -2.34546131e-23]","[  1.06533222e-03   5.62213607e-07   9.92992258e-11   4.18752067e-11
   2.69998270e-21   3.13674332e-14  -3.98910110e-23]","[  1.08617394e-03   5.98315273e-07   9.91736884e-11   4.19440240e-11
   2.70466054e-21   3.24036724e-14  -5.52537852e-23]","[  1.08916508e-03   6.01643424e-07   9.77884007e-11   4.11238549e-11
   2.60713888e-21   3.18351170e-14  -6.13562015e-23]","[  1.14756898e-03   6.91523980e-07   1.26121384e-10   5.83720125e-11
   5.00737244e-21   4.84085836e-14  -1.02781736e-22]","[  1.08718516e-03   5.94122074e-07   1.17179695e-10   5.06457915e-11
   3.89875323e-21   3.87734679e-14  -1.48659198e-22]","[  1.08619562e-03   5.94522057e-07   1.19461434e-10   5.17393941e-11
   4.06332577e-21   3.95398855e-14  -1.87975710e-22]","[  1.07927857e-03   5.79109801e-07   1.13575233e-10   4.77919035e-11
   3.51636628e-21   3.59969188e-14  -1.81728167e-22]","[  1.08184207e-03   5.87029256e-07   1.09767122e-10   4.58651680e-11
   3.25054824e-21   3.47853885e-14  -1.56692999e-22]","[  1.10659311e-03   6.30364421e-07   1.18049415e-10   5.09744913e-11
   3.95099359e-21   4.01966231e-14  -1.59803698e-22]","[  1.09897071e-03   6.22710223e-07   1.17956578e-10   5.17017076e-11
   4.03471119e-21   4.05122902e-14  -1.51502668e-22]","[  1.10669522e-03   6.31803502e-07   1.22715977e-10   5.33028936e-11
   4.30798291e-21   4.20692227e-14  -1.60915849e-22]","[  1.16757193e-03   7.13361867e-07   1.81642528e-10   9.29999699e-11
   1.20853491e-20   7.81388407e-14  -2.22787093e-22]","[  1.13141758e-03   6.82649735e-07   1.36854982e-10   6.47633023e-11
   6.09506317e-21   5.32472426e-14  -1.57839484e-22]","[  1.17804065e-03   7.66871779e-07   1.66332857e-10   8.60805894e-11
   1.02989335e-20   7.51639465e-14  -1.63344577e-22]"
